triplet_id,language,category,phenomenon,feature_vals,model,cos_grammatical_ungrammatical,pair_distinction,pair_pass
mbp_hi_001,hindi,verb_gender_agreement,SV-G,FEM -> MASC,LaBSE,0.9994510412216187,0.0005489587783813477,0
mbp_hi_002,hindi,verb_gender_agreement,SV-G,FEM -> MASC,LaBSE,0.999932587146759,6.74128532409668e-05,0
mbp_hi_003,hindi,verb_gender_agreement,SV-G,MASC -> FEM,LaBSE,0.9999536275863647,4.6372413635253906e-05,0
mbp_hi_004,hindi,verb_gender_agreement,SV-G,FEM -> MASC,LaBSE,0.9975695013999939,0.0024304986000061035,0
mbp_hi_005,hindi,verb_gender_agreement,SV-G,MASC -> FEM,LaBSE,0.9977148771286011,0.0022851228713989258,0
mbp_hi_006,hindi,verb_gender_agreement,SP-G,MASC -> FEM,LaBSE,0.9993160367012024,0.0006839632987976074,0
mbp_hi_007,hindi,verb_gender_agreement,SV-G,MASC -> FEM,LaBSE,0.9998522400856018,0.00014775991439819336,0
mbp_hi_008,hindi,verb_gender_agreement,SV-G,FEM -> MASC,LaBSE,0.9997588992118835,0.00024110078811645508,0
mbp_hi_009,hindi,verb_gender_agreement,SV-G,FEM -> MASC,LaBSE,0.9998065233230591,0.00019347667694091797,0
mbp_hi_010,hindi,verb_gender_agreement,SV-G,FEM -> MASC,LaBSE,0.9999215602874756,7.843971252441406e-05,0
mbp_hi_011,hindi,verb_gender_agreement,SV-G,MASC -> FEM,LaBSE,0.9996744394302368,0.0003255605697631836,0
mbp_hi_012,hindi,verb_gender_agreement,SP-G,MASC -> FEM,LaBSE,0.9993152618408203,0.0006847381591796875,0
mbp_hi_013,hindi,verb_gender_agreement,SP-G,MASC -> FEM,LaBSE,0.9997963309288025,0.00020366907119750977,0
mbp_hi_014,hindi,verb_gender_agreement,SV-G,MASC -> FEM,LaBSE,0.9819247722625732,0.018075227737426758,0
mbp_hi_015,hindi,verb_gender_agreement,SV-G,MASC -> FEM,LaBSE,0.8963222503662109,0.10367774963378906,0
mbp_hi_016,hindi,verb_gender_agreement,SV-G,MASC -> FEM,LaBSE,0.9995816946029663,0.0004183053970336914,0
mbp_hi_017,hindi,verb_gender_agreement,SV-G,MASC -> FEM,LaBSE,0.9965876340866089,0.0034123659133911133,0
mbp_hi_018,hindi,verb_gender_agreement,SV-G,MASC -> FEM,LaBSE,0.9976054430007935,0.002394556999206543,0
mbp_hi_019,hindi,verb_gender_agreement,SV-G,MASC -> FEM,LaBSE,0.9997317790985107,0.0002682209014892578,0
mbp_hi_020,hindi,verb_gender_agreement,SV-G,FEM -> MASC,LaBSE,0.995944619178772,0.004055380821228027,0
mbp_hi_021,hindi,verb_gender_agreement,SV-G,FEM -> MASC,LaBSE,0.9942275285720825,0.0057724714279174805,0
mbp_hi_022,hindi,verb_gender_agreement,SV-G,FEM -> MASC,LaBSE,0.9991698265075684,0.0008301734924316406,0
mbp_hi_023,hindi,verb_gender_agreement,SV-G,FEM -> MASC,LaBSE,0.9923350811004639,0.007664918899536133,0
mbp_hi_024,hindi,verb_gender_agreement,SV-G,MASC -> FEM,LaBSE,0.9998835921287537,0.00011640787124633789,0
mbp_hi_025,hindi,verb_gender_agreement,SV-G,MASC -> FEM,LaBSE,0.9871118068695068,0.012888193130493164,0
mbp_hi_026,hindi,verb_gender_agreement,SV-G,FEM -> MASC,LaBSE,0.9996097683906555,0.0003902316093444824,0
mbp_hi_027,hindi,verb_gender_agreement,SV-G,FEM -> MASC,LaBSE,0.9999531507492065,4.684925079345703e-05,0
mbp_hi_028,hindi,verb_gender_agreement,SV-G,MASC -> FEM,LaBSE,0.999979555606842,2.0444393157958984e-05,0
mbp_hi_029,hindi,verb_gender_agreement,SP-G,MASC -> FEM,LaBSE,0.9998508095741272,0.00014919042587280273,0
mbp_hi_030,hindi,verb_gender_agreement,SV-G,MASC -> FEM,LaBSE,0.9999810457229614,1.895427703857422e-05,0
mbp_hi_031,hindi,verb_gender_agreement,SV-G,FEM -> MASC,LaBSE,0.9996979236602783,0.0003020763397216797,0
mbp_hi_032,hindi,verb_gender_agreement,SV-G,FEM -> MASC,LaBSE,0.9998890161514282,0.00011098384857177734,0
mbp_hi_033,hindi,verb_gender_agreement,SV-G,FEM -> MASC,LaBSE,0.9999389052391052,6.109476089477539e-05,0
mbp_hi_034,hindi,verb_gender_agreement,SV-G,MASC -> FEM,LaBSE,0.999969482421875,3.0517578125e-05,0
mbp_hi_035,hindi,verb_gender_agreement,SV-G,FEM -> MASC,LaBSE,0.9998000860214233,0.00019991397857666016,0
mbp_hi_036,hindi,verb_gender_agreement,SV-G,MASC -> FEM,LaBSE,0.999453067779541,0.0005469322204589844,0
mbp_hi_037,hindi,verb_gender_agreement,SV-G,FEM -> MASC,LaBSE,0.9999151825904846,8.481740951538086e-05,0
mbp_hi_038,hindi,verb_gender_agreement,SP-G,MASC -> FEM,LaBSE,0.9996744394302368,0.0003255605697631836,0
mbp_hi_039,hindi,verb_gender_agreement,SV-G,MASC -> FEM,LaBSE,0.9994143843650818,0.0005856156349182129,0
mbp_hi_040,hindi,verb_gender_agreement,SV-G,MASC -> FEM,LaBSE,0.9998787641525269,0.00012123584747314453,0
mbp_hi_041,hindi,verb_gender_agreement,SV-G,MASC -> FEM,LaBSE,0.9999224543571472,7.75456428527832e-05,0
mbp_hi_042,hindi,verb_gender_agreement,SV-G,FEM -> MASC,LaBSE,0.9990636110305786,0.0009363889694213867,0
mbp_hi_043,hindi,verb_gender_agreement,SV-G,MASC -> FEM,LaBSE,0.9766499400138855,0.023350059986114502,0
mbp_hi_044,hindi,verb_gender_agreement,SV-G,MASC -> FEM,LaBSE,0.99872225522995,0.0012777447700500488,0
mbp_hi_045,hindi,verb_gender_agreement,SV-G,MASC -> FEM,LaBSE,0.9997695684432983,0.00023043155670166016,0
mbp_hi_046,hindi,verb_gender_agreement,SV-G,MASC -> FEM,LaBSE,0.9986680150032043,0.0013319849967956543,0
mbp_hi_047,hindi,verb_gender_agreement,SP-G,MASC -> FEM,LaBSE,0.9996392130851746,0.00036078691482543945,0
mbp_hi_048,hindi,verb_gender_agreement,SP-G,MASC -> FEM,LaBSE,0.9997379779815674,0.0002620220184326172,0
mbp_hi_049,hindi,verb_gender_agreement,SV-G,FEM -> MASC,LaBSE,0.9994618892669678,0.0005381107330322266,0
mbp_hi_050,hindi,verb_gender_agreement,SV-G,MASC -> FEM,LaBSE,0.9994847774505615,0.0005152225494384766,0
mbp_hi_051,hindi,verb_gender_agreement,SV-G,MASC -> FEM,LaBSE,0.9998056292533875,0.00019437074661254883,0
mbp_hi_052,hindi,verb_gender_agreement,SV-G,MASC -> FEM,LaBSE,0.9974974393844604,0.0025025606155395508,0
mbp_hi_053,hindi,verb_gender_agreement,SV-G,MASC -> FEM,LaBSE,0.9999589323997498,4.106760025024414e-05,0
mbp_hi_054,hindi,verb_gender_agreement,SP-G,MASC -> FEM,LaBSE,0.9990487098693848,0.0009512901306152344,0
mbp_hi_055,hindi,verb_gender_agreement,SV-G,MASC -> FEM,LaBSE,0.9920216202735901,0.007978379726409912,0
mbp_hi_056,hindi,verb_gender_agreement,SV-G,MASC -> FEM,LaBSE,0.9982949495315552,0.0017050504684448242,0
mbp_hi_057,hindi,verb_gender_agreement,SV-G,MASC -> FEM,LaBSE,0.9952404499053955,0.004759550094604492,0
mbp_hi_058,hindi,verb_gender_agreement,SP-G,MASC -> FEM,LaBSE,0.9999198913574219,8.0108642578125e-05,0
mbp_hi_059,hindi,verb_gender_agreement,SV-G,FEM -> MASC,LaBSE,0.9999673366546631,3.266334533691406e-05,0
mbp_hi_060,hindi,verb_gender_agreement,SP-G,MASC -> FEM,LaBSE,0.99957275390625,0.00042724609375,0
mbp_hi_061,hindi,verb_gender_agreement,SP-G,MASC -> FEM,LaBSE,0.9992086887359619,0.0007913112640380859,0
mbp_hi_062,hindi,verb_gender_agreement,SV-G,MASC -> FEM,LaBSE,0.9994850158691406,0.000514984130859375,0
mbp_hi_063,hindi,verb_gender_agreement,SV-G,FEM -> MASC,LaBSE,0.9990749955177307,0.0009250044822692871,0
mbp_hi_064,hindi,verb_gender_agreement,SP-G,MASC -> FEM,LaBSE,0.9994102716445923,0.0005897283554077148,0
mbp_hi_065,hindi,verb_gender_agreement,SV-G,MASC -> FEM,LaBSE,0.9996983408927917,0.00030165910720825195,0
mbp_hi_066,hindi,verb_gender_agreement,SV-G,FEM -> MASC,LaBSE,0.9999649524688721,3.504753112792969e-05,0
mbp_hi_067,hindi,verb_gender_agreement,SV-G,FEM -> MASC,LaBSE,0.9986292719841003,0.0013707280158996582,0
mbp_hi_068,hindi,verb_gender_agreement,SV-G,FEM -> MASC,LaBSE,0.9989675283432007,0.0010324716567993164,0
mbp_hi_069,hindi,verb_gender_agreement,SP-G,MASC -> FEM,LaBSE,0.9991892576217651,0.0008107423782348633,0
mbp_hi_070,hindi,verb_gender_agreement,SV-G,FEM -> MASC,LaBSE,0.9999277591705322,7.224082946777344e-05,0
mbp_hi_071,hindi,verb_gender_agreement,SP-G,MASC -> FEM,LaBSE,0.9979196786880493,0.0020803213119506836,0
mbp_hi_072,hindi,verb_gender_agreement,SV-G,FEM -> MASC,LaBSE,0.9977896213531494,0.002210378646850586,0
mbp_hi_073,hindi,verb_gender_agreement,SV-G,FEM -> MASC,LaBSE,0.9999802112579346,1.9788742065429688e-05,0
mbp_hi_074,hindi,verb_gender_agreement,SV-G,FEM -> MASC,LaBSE,0.9996782541275024,0.0003217458724975586,0
mbp_hi_075,hindi,verb_gender_agreement,SV-G,MASC -> FEM,LaBSE,0.9998601078987122,0.0001398921012878418,0
mbp_hi_076,hindi,verb_gender_agreement,SV-G,MASC -> FEM,LaBSE,0.9989631175994873,0.0010368824005126953,0
mbp_hi_077,hindi,verb_gender_agreement,SP-G,MASC -> FEM,LaBSE,0.9995989203453064,0.0004010796546936035,0
mbp_hi_078,hindi,verb_gender_agreement,SV-G,FEM -> MASC,LaBSE,0.9999297261238098,7.027387619018555e-05,0
mbp_hi_079,hindi,verb_gender_agreement,SV-G,MASC -> FEM,LaBSE,0.9993242025375366,0.0006757974624633789,0
mbp_hi_080,hindi,verb_gender_agreement,SP-G,MASC -> FEM,LaBSE,0.9995068311691284,0.000493168830871582,0
mbp_hi_081,hindi,verb_gender_agreement,SV-G,FEM -> MASC,LaBSE,0.9999526143074036,4.738569259643555e-05,0
mbp_hi_082,hindi,verb_gender_agreement,SV-G,MASC -> FEM,LaBSE,0.9994794130325317,0.0005205869674682617,0
mbp_hi_083,hindi,verb_gender_agreement,SP-G,MASC -> FEM,LaBSE,0.9969816207885742,0.0030183792114257812,0
mbp_hi_084,hindi,verb_gender_agreement,SP-G,MASC -> FEM,LaBSE,0.9995575547218323,0.0004424452781677246,0
mbp_hi_085,hindi,verb_gender_agreement,SV-G,MASC -> FEM,LaBSE,0.9994255304336548,0.0005744695663452148,0
mbp_hi_086,hindi,verb_gender_agreement,SV-G,FEM -> MASC,LaBSE,0.9991757869720459,0.0008242130279541016,0
mbp_hi_087,hindi,verb_gender_agreement,SV-G,MASC -> FEM,LaBSE,0.9990401268005371,0.0009598731994628906,0
mbp_hi_088,hindi,verb_gender_agreement,SV-G,FEM -> MASC,LaBSE,0.9996355175971985,0.00036448240280151367,0
mbp_hi_089,hindi,verb_gender_agreement,SV-G,MASC -> FEM,LaBSE,0.9998102188110352,0.00018978118896484375,0
mbp_hi_090,hindi,verb_gender_agreement,SV-G,MASC -> FEM,LaBSE,0.999685525894165,0.00031447410583496094,0
mbp_hi_091,hindi,verb_gender_agreement,SV-G,FEM -> MASC,LaBSE,0.9999687671661377,3.123283386230469e-05,0
mbp_hi_092,hindi,verb_gender_agreement,SP-G,MASC -> FEM,LaBSE,0.9999909400939941,9.059906005859375e-06,0
mbp_hi_093,hindi,verb_gender_agreement,SV-G,FEM -> MASC,LaBSE,0.9998859167098999,0.00011408329010009766,0
mbp_hi_094,hindi,verb_gender_agreement,SV-G,FEM -> MASC,LaBSE,0.9951359033584595,0.004864096641540527,0
mbp_hi_095,hindi,verb_gender_agreement,SV-G,FEM -> MASC,LaBSE,0.9999569654464722,4.303455352783203e-05,0
mbp_hi_096,hindi,verb_gender_agreement,SV-G,MASC -> FEM,LaBSE,0.9999772310256958,2.276897430419922e-05,0
mbp_hi_097,hindi,verb_gender_agreement,SV-G,MASC -> FEM,LaBSE,0.9986973404884338,0.0013026595115661621,0
mbp_hi_098,hindi,verb_gender_agreement,SP-G,MASC -> FEM,LaBSE,0.9996649026870728,0.0003350973129272461,0
mbp_hi_099,hindi,verb_gender_agreement,SV-G,MASC -> FEM,LaBSE,0.9998885989189148,0.00011140108108520508,0
mbp_hi_100,hindi,verb_gender_agreement,SV-G,MASC -> FEM,LaBSE,0.9983880519866943,0.001611948013305664,0
mbp_hi_001,hindi,verb_gender_agreement,SV-G,FEM -> MASC,MiniLM-multi,0.9990221858024597,0.0009778141975402832,0
mbp_hi_002,hindi,verb_gender_agreement,SV-G,FEM -> MASC,MiniLM-multi,0.9966052770614624,0.0033947229385375977,0
mbp_hi_003,hindi,verb_gender_agreement,SV-G,MASC -> FEM,MiniLM-multi,0.9999732971191406,2.6702880859375e-05,0
mbp_hi_004,hindi,verb_gender_agreement,SV-G,FEM -> MASC,MiniLM-multi,0.9988292455673218,0.0011707544326782227,0
mbp_hi_005,hindi,verb_gender_agreement,SV-G,MASC -> FEM,MiniLM-multi,0.9805170297622681,0.019482970237731934,0
mbp_hi_006,hindi,verb_gender_agreement,SP-G,MASC -> FEM,MiniLM-multi,0.9645807147026062,0.0354192852973938,0
mbp_hi_007,hindi,verb_gender_agreement,SV-G,MASC -> FEM,MiniLM-multi,0.9988166093826294,0.0011833906173706055,0
mbp_hi_008,hindi,verb_gender_agreement,SV-G,FEM -> MASC,MiniLM-multi,0.9994701147079468,0.0005298852920532227,0
mbp_hi_009,hindi,verb_gender_agreement,SV-G,FEM -> MASC,MiniLM-multi,0.9969387054443359,0.0030612945556640625,0
mbp_hi_010,hindi,verb_gender_agreement,SV-G,FEM -> MASC,MiniLM-multi,0.9987059235572815,0.0012940764427185059,0
mbp_hi_011,hindi,verb_gender_agreement,SV-G,MASC -> FEM,MiniLM-multi,0.9993565082550049,0.0006434917449951172,0
mbp_hi_012,hindi,verb_gender_agreement,SP-G,MASC -> FEM,MiniLM-multi,0.9930770993232727,0.006922900676727295,0
mbp_hi_013,hindi,verb_gender_agreement,SP-G,MASC -> FEM,MiniLM-multi,0.9929232001304626,0.0070767998695373535,0
mbp_hi_014,hindi,verb_gender_agreement,SV-G,MASC -> FEM,MiniLM-multi,0.9708086848258972,0.029191315174102783,0
mbp_hi_015,hindi,verb_gender_agreement,SV-G,MASC -> FEM,MiniLM-multi,0.925164520740509,0.07483547925949097,0
mbp_hi_016,hindi,verb_gender_agreement,SV-G,MASC -> FEM,MiniLM-multi,0.9987242221832275,0.001275777816772461,0
mbp_hi_017,hindi,verb_gender_agreement,SV-G,MASC -> FEM,MiniLM-multi,0.9995495676994324,0.00045043230056762695,0
mbp_hi_018,hindi,verb_gender_agreement,SV-G,MASC -> FEM,MiniLM-multi,0.9986836314201355,0.001316368579864502,0
mbp_hi_019,hindi,verb_gender_agreement,SV-G,MASC -> FEM,MiniLM-multi,0.9997772574424744,0.00022274255752563477,0
mbp_hi_020,hindi,verb_gender_agreement,SV-G,FEM -> MASC,MiniLM-multi,0.9854583144187927,0.014541685581207275,0
mbp_hi_021,hindi,verb_gender_agreement,SV-G,FEM -> MASC,MiniLM-multi,0.9691643118858337,0.03083568811416626,0
mbp_hi_022,hindi,verb_gender_agreement,SV-G,FEM -> MASC,MiniLM-multi,0.9992515444755554,0.0007484555244445801,0
mbp_hi_023,hindi,verb_gender_agreement,SV-G,FEM -> MASC,MiniLM-multi,0.9896761178970337,0.010323882102966309,0
mbp_hi_024,hindi,verb_gender_agreement,SV-G,MASC -> FEM,MiniLM-multi,0.9897074103355408,0.010292589664459229,0
mbp_hi_025,hindi,verb_gender_agreement,SV-G,MASC -> FEM,MiniLM-multi,0.9779506921768188,0.022049307823181152,0
mbp_hi_026,hindi,verb_gender_agreement,SV-G,FEM -> MASC,MiniLM-multi,0.9954334497451782,0.004566550254821777,0
mbp_hi_027,hindi,verb_gender_agreement,SV-G,FEM -> MASC,MiniLM-multi,0.9991095662117004,0.0008904337882995605,0
mbp_hi_028,hindi,verb_gender_agreement,SV-G,MASC -> FEM,MiniLM-multi,0.9997604489326477,0.00023955106735229492,0
mbp_hi_029,hindi,verb_gender_agreement,SP-G,MASC -> FEM,MiniLM-multi,0.9959560036659241,0.004043996334075928,0
mbp_hi_030,hindi,verb_gender_agreement,SV-G,MASC -> FEM,MiniLM-multi,0.9993680119514465,0.0006319880485534668,0
mbp_hi_031,hindi,verb_gender_agreement,SV-G,FEM -> MASC,MiniLM-multi,0.997505784034729,0.002494215965270996,0
mbp_hi_032,hindi,verb_gender_agreement,SV-G,FEM -> MASC,MiniLM-multi,0.9971523880958557,0.002847611904144287,0
mbp_hi_033,hindi,verb_gender_agreement,SV-G,FEM -> MASC,MiniLM-multi,0.9998941421508789,0.00010585784912109375,0
mbp_hi_034,hindi,verb_gender_agreement,SV-G,MASC -> FEM,MiniLM-multi,0.9998492002487183,0.00015079975128173828,0
mbp_hi_035,hindi,verb_gender_agreement,SV-G,FEM -> MASC,MiniLM-multi,0.9967939257621765,0.0032060742378234863,0
mbp_hi_036,hindi,verb_gender_agreement,SV-G,MASC -> FEM,MiniLM-multi,0.9997981786727905,0.00020182132720947266,0
mbp_hi_037,hindi,verb_gender_agreement,SV-G,FEM -> MASC,MiniLM-multi,0.9996406435966492,0.0003593564033508301,0
mbp_hi_038,hindi,verb_gender_agreement,SP-G,MASC -> FEM,MiniLM-multi,0.9993565082550049,0.0006434917449951172,0
mbp_hi_039,hindi,verb_gender_agreement,SV-G,MASC -> FEM,MiniLM-multi,0.9995901584625244,0.00040984153747558594,0
mbp_hi_040,hindi,verb_gender_agreement,SV-G,MASC -> FEM,MiniLM-multi,0.9979461431503296,0.00205385684967041,0
mbp_hi_041,hindi,verb_gender_agreement,SV-G,MASC -> FEM,MiniLM-multi,0.9999306201934814,6.937980651855469e-05,0
mbp_hi_042,hindi,verb_gender_agreement,SV-G,FEM -> MASC,MiniLM-multi,0.9949166774749756,0.005083322525024414,0
mbp_hi_043,hindi,verb_gender_agreement,SV-G,MASC -> FEM,MiniLM-multi,0.9835429191589355,0.016457080841064453,0
mbp_hi_044,hindi,verb_gender_agreement,SV-G,MASC -> FEM,MiniLM-multi,0.9503777623176575,0.04962223768234253,0
mbp_hi_045,hindi,verb_gender_agreement,SV-G,MASC -> FEM,MiniLM-multi,0.9991043210029602,0.0008956789970397949,0
mbp_hi_046,hindi,verb_gender_agreement,SV-G,MASC -> FEM,MiniLM-multi,0.9970480799674988,0.0029519200325012207,0
mbp_hi_047,hindi,verb_gender_agreement,SP-G,MASC -> FEM,MiniLM-multi,0.999907374382019,9.262561798095703e-05,0
mbp_hi_048,hindi,verb_gender_agreement,SP-G,MASC -> FEM,MiniLM-multi,0.9834928512573242,0.01650714874267578,0
mbp_hi_049,hindi,verb_gender_agreement,SV-G,FEM -> MASC,MiniLM-multi,0.9961782693862915,0.003821730613708496,0
mbp_hi_050,hindi,verb_gender_agreement,SV-G,MASC -> FEM,MiniLM-multi,0.9883633852005005,0.011636614799499512,0
mbp_hi_051,hindi,verb_gender_agreement,SV-G,MASC -> FEM,MiniLM-multi,0.9987627267837524,0.0012372732162475586,0
mbp_hi_052,hindi,verb_gender_agreement,SV-G,MASC -> FEM,MiniLM-multi,0.9957154393196106,0.004284560680389404,0
mbp_hi_053,hindi,verb_gender_agreement,SV-G,MASC -> FEM,MiniLM-multi,0.9996763467788696,0.0003236532211303711,0
mbp_hi_054,hindi,verb_gender_agreement,SP-G,MASC -> FEM,MiniLM-multi,0.9953361749649048,0.004663825035095215,0
mbp_hi_055,hindi,verb_gender_agreement,SV-G,MASC -> FEM,MiniLM-multi,0.999886155128479,0.0001138448715209961,0
mbp_hi_056,hindi,verb_gender_agreement,SV-G,MASC -> FEM,MiniLM-multi,0.9895833730697632,0.010416626930236816,0
mbp_hi_057,hindi,verb_gender_agreement,SV-G,MASC -> FEM,MiniLM-multi,0.9755163192749023,0.024483680725097656,0
mbp_hi_058,hindi,verb_gender_agreement,SP-G,MASC -> FEM,MiniLM-multi,0.9997584223747253,0.0002415776252746582,0
mbp_hi_059,hindi,verb_gender_agreement,SV-G,FEM -> MASC,MiniLM-multi,0.9999070763587952,9.292364120483398e-05,0
mbp_hi_060,hindi,verb_gender_agreement,SP-G,MASC -> FEM,MiniLM-multi,0.991387128829956,0.008612871170043945,0
mbp_hi_061,hindi,verb_gender_agreement,SP-G,MASC -> FEM,MiniLM-multi,0.9985354542732239,0.001464545726776123,0
mbp_hi_062,hindi,verb_gender_agreement,SV-G,MASC -> FEM,MiniLM-multi,0.9993358254432678,0.0006641745567321777,0
mbp_hi_063,hindi,verb_gender_agreement,SV-G,FEM -> MASC,MiniLM-multi,0.9993377923965454,0.0006622076034545898,0
mbp_hi_064,hindi,verb_gender_agreement,SP-G,MASC -> FEM,MiniLM-multi,0.9987055063247681,0.0012944936752319336,0
mbp_hi_065,hindi,verb_gender_agreement,SV-G,MASC -> FEM,MiniLM-multi,0.9999828338623047,1.71661376953125e-05,0
mbp_hi_066,hindi,verb_gender_agreement,SV-G,FEM -> MASC,MiniLM-multi,0.9999693036079407,3.069639205932617e-05,0
mbp_hi_067,hindi,verb_gender_agreement,SV-G,FEM -> MASC,MiniLM-multi,0.9995735883712769,0.00042641162872314453,0
mbp_hi_068,hindi,verb_gender_agreement,SV-G,FEM -> MASC,MiniLM-multi,0.9813744425773621,0.01862555742263794,0
mbp_hi_069,hindi,verb_gender_agreement,SP-G,MASC -> FEM,MiniLM-multi,0.998867392539978,0.0011326074600219727,0
mbp_hi_070,hindi,verb_gender_agreement,SV-G,FEM -> MASC,MiniLM-multi,0.9998849034309387,0.0001150965690612793,0
mbp_hi_071,hindi,verb_gender_agreement,SP-G,MASC -> FEM,MiniLM-multi,0.9995888471603394,0.00041115283966064453,0
mbp_hi_072,hindi,verb_gender_agreement,SV-G,FEM -> MASC,MiniLM-multi,0.9973902106285095,0.0026097893714904785,0
mbp_hi_073,hindi,verb_gender_agreement,SV-G,FEM -> MASC,MiniLM-multi,0.9953059554100037,0.004694044589996338,0
mbp_hi_074,hindi,verb_gender_agreement,SV-G,FEM -> MASC,MiniLM-multi,0.9949376583099365,0.0050623416900634766,0
mbp_hi_075,hindi,verb_gender_agreement,SV-G,MASC -> FEM,MiniLM-multi,0.9977908730506897,0.0022091269493103027,0
mbp_hi_076,hindi,verb_gender_agreement,SV-G,MASC -> FEM,MiniLM-multi,0.9894657135009766,0.010534286499023438,0
mbp_hi_077,hindi,verb_gender_agreement,SP-G,MASC -> FEM,MiniLM-multi,0.9995205998420715,0.0004794001579284668,0
mbp_hi_078,hindi,verb_gender_agreement,SV-G,FEM -> MASC,MiniLM-multi,0.999786376953125,0.000213623046875,0
mbp_hi_079,hindi,verb_gender_agreement,SV-G,MASC -> FEM,MiniLM-multi,0.9972323179244995,0.0027676820755004883,0
mbp_hi_080,hindi,verb_gender_agreement,SP-G,MASC -> FEM,MiniLM-multi,0.9992961883544922,0.0007038116455078125,0
mbp_hi_081,hindi,verb_gender_agreement,SV-G,FEM -> MASC,MiniLM-multi,0.9991501569747925,0.0008498430252075195,0
mbp_hi_082,hindi,verb_gender_agreement,SV-G,MASC -> FEM,MiniLM-multi,0.9966816902160645,0.003318309783935547,0
mbp_hi_083,hindi,verb_gender_agreement,SP-G,MASC -> FEM,MiniLM-multi,0.9998588562011719,0.000141143798828125,0
mbp_hi_084,hindi,verb_gender_agreement,SP-G,MASC -> FEM,MiniLM-multi,0.999131441116333,0.0008685588836669922,0
mbp_hi_085,hindi,verb_gender_agreement,SV-G,MASC -> FEM,MiniLM-multi,0.9913575649261475,0.008642435073852539,0
mbp_hi_086,hindi,verb_gender_agreement,SV-G,FEM -> MASC,MiniLM-multi,0.9962528944015503,0.003747105598449707,0
mbp_hi_087,hindi,verb_gender_agreement,SV-G,MASC -> FEM,MiniLM-multi,0.99941086769104,0.0005891323089599609,0
mbp_hi_088,hindi,verb_gender_agreement,SV-G,FEM -> MASC,MiniLM-multi,0.9992175102233887,0.0007824897766113281,0
mbp_hi_089,hindi,verb_gender_agreement,SV-G,MASC -> FEM,MiniLM-multi,0.996705949306488,0.003294050693511963,0
mbp_hi_090,hindi,verb_gender_agreement,SV-G,MASC -> FEM,MiniLM-multi,0.998266875743866,0.0017331242561340332,0
mbp_hi_091,hindi,verb_gender_agreement,SV-G,FEM -> MASC,MiniLM-multi,0.9993284344673157,0.0006715655326843262,0
mbp_hi_092,hindi,verb_gender_agreement,SP-G,MASC -> FEM,MiniLM-multi,0.9998947978019714,0.00010520219802856445,0
mbp_hi_093,hindi,verb_gender_agreement,SV-G,FEM -> MASC,MiniLM-multi,0.9998643398284912,0.00013566017150878906,0
mbp_hi_094,hindi,verb_gender_agreement,SV-G,FEM -> MASC,MiniLM-multi,0.9945372343063354,0.005462765693664551,0
mbp_hi_095,hindi,verb_gender_agreement,SV-G,FEM -> MASC,MiniLM-multi,0.9997937679290771,0.00020623207092285156,0
mbp_hi_096,hindi,verb_gender_agreement,SV-G,MASC -> FEM,MiniLM-multi,0.9999309182167053,6.908178329467773e-05,0
mbp_hi_097,hindi,verb_gender_agreement,SV-G,MASC -> FEM,MiniLM-multi,0.9995076656341553,0.0004923343658447266,0
mbp_hi_098,hindi,verb_gender_agreement,SP-G,MASC -> FEM,MiniLM-multi,0.9995871782302856,0.00041282176971435547,0
mbp_hi_099,hindi,verb_gender_agreement,SV-G,MASC -> FEM,MiniLM-multi,0.997976541519165,0.002023458480834961,0
mbp_hi_100,hindi,verb_gender_agreement,SV-G,MASC -> FEM,MiniLM-multi,0.9985570311546326,0.0014429688453674316,0
mbp_hi_001,hindi,verb_gender_agreement,SV-G,FEM -> MASC,E5-multi,0.9991899728775024,0.0008100271224975586,0
mbp_hi_002,hindi,verb_gender_agreement,SV-G,FEM -> MASC,E5-multi,0.999039888381958,0.0009601116180419922,0
mbp_hi_003,hindi,verb_gender_agreement,SV-G,MASC -> FEM,E5-multi,0.9998942017555237,0.00010579824447631836,0
mbp_hi_004,hindi,verb_gender_agreement,SV-G,FEM -> MASC,E5-multi,0.9984265565872192,0.0015734434127807617,0
mbp_hi_005,hindi,verb_gender_agreement,SV-G,MASC -> FEM,E5-multi,0.9990515112876892,0.000948488712310791,0
mbp_hi_006,hindi,verb_gender_agreement,SP-G,MASC -> FEM,E5-multi,0.999118983745575,0.0008810162544250488,0
mbp_hi_007,hindi,verb_gender_agreement,SV-G,MASC -> FEM,E5-multi,0.9998154640197754,0.00018453598022460938,0
mbp_hi_008,hindi,verb_gender_agreement,SV-G,FEM -> MASC,E5-multi,0.9994690418243408,0.0005309581756591797,0
mbp_hi_009,hindi,verb_gender_agreement,SV-G,FEM -> MASC,E5-multi,0.9998968243598938,0.00010317564010620117,0
mbp_hi_010,hindi,verb_gender_agreement,SV-G,FEM -> MASC,E5-multi,0.9999159574508667,8.404254913330078e-05,0
mbp_hi_011,hindi,verb_gender_agreement,SV-G,MASC -> FEM,E5-multi,0.9994555711746216,0.000544428825378418,0
mbp_hi_012,hindi,verb_gender_agreement,SP-G,MASC -> FEM,E5-multi,0.9994088411331177,0.0005911588668823242,0
mbp_hi_013,hindi,verb_gender_agreement,SP-G,MASC -> FEM,E5-multi,0.9990497827529907,0.0009502172470092773,0
mbp_hi_014,hindi,verb_gender_agreement,SV-G,MASC -> FEM,E5-multi,0.9941678643226624,0.0058321356773376465,0
mbp_hi_015,hindi,verb_gender_agreement,SV-G,MASC -> FEM,E5-multi,0.9875631332397461,0.012436866760253906,0
mbp_hi_016,hindi,verb_gender_agreement,SV-G,MASC -> FEM,E5-multi,0.9989063143730164,0.0010936856269836426,0
mbp_hi_017,hindi,verb_gender_agreement,SV-G,MASC -> FEM,E5-multi,0.9988211393356323,0.0011788606643676758,0
mbp_hi_018,hindi,verb_gender_agreement,SV-G,MASC -> FEM,E5-multi,0.9998502731323242,0.00014972686767578125,0
mbp_hi_019,hindi,verb_gender_agreement,SV-G,MASC -> FEM,E5-multi,0.9998632669448853,0.0001367330551147461,0
mbp_hi_020,hindi,verb_gender_agreement,SV-G,FEM -> MASC,E5-multi,0.9985601305961609,0.0014398694038391113,0
mbp_hi_021,hindi,verb_gender_agreement,SV-G,FEM -> MASC,E5-multi,0.9990796446800232,0.0009203553199768066,0
mbp_hi_022,hindi,verb_gender_agreement,SV-G,FEM -> MASC,E5-multi,0.9999011754989624,9.882450103759766e-05,0
mbp_hi_023,hindi,verb_gender_agreement,SV-G,FEM -> MASC,E5-multi,0.9963940978050232,0.0036059021949768066,0
mbp_hi_024,hindi,verb_gender_agreement,SV-G,MASC -> FEM,E5-multi,0.9997905492782593,0.00020945072174072266,0
mbp_hi_025,hindi,verb_gender_agreement,SV-G,MASC -> FEM,E5-multi,0.9977878928184509,0.0022121071815490723,0
mbp_hi_026,hindi,verb_gender_agreement,SV-G,FEM -> MASC,E5-multi,0.9995412826538086,0.00045871734619140625,0
mbp_hi_027,hindi,verb_gender_agreement,SV-G,FEM -> MASC,E5-multi,0.9999376535415649,6.23464584350586e-05,0
mbp_hi_028,hindi,verb_gender_agreement,SV-G,MASC -> FEM,E5-multi,0.9999264478683472,7.355213165283203e-05,0
mbp_hi_029,hindi,verb_gender_agreement,SP-G,MASC -> FEM,E5-multi,0.9999020099639893,9.799003601074219e-05,0
mbp_hi_030,hindi,verb_gender_agreement,SV-G,MASC -> FEM,E5-multi,0.9999773502349854,2.2649765014648438e-05,0
mbp_hi_031,hindi,verb_gender_agreement,SV-G,FEM -> MASC,E5-multi,0.9995242357254028,0.00047576427459716797,0
mbp_hi_032,hindi,verb_gender_agreement,SV-G,FEM -> MASC,E5-multi,0.9993825554847717,0.0006174445152282715,0
mbp_hi_033,hindi,verb_gender_agreement,SV-G,FEM -> MASC,E5-multi,0.9999467134475708,5.328655242919922e-05,0
mbp_hi_034,hindi,verb_gender_agreement,SV-G,MASC -> FEM,E5-multi,0.9999327063560486,6.729364395141602e-05,0
mbp_hi_035,hindi,verb_gender_agreement,SV-G,FEM -> MASC,E5-multi,0.9996932744979858,0.00030672550201416016,0
mbp_hi_036,hindi,verb_gender_agreement,SV-G,MASC -> FEM,E5-multi,0.9985091090202332,0.0014908909797668457,0
mbp_hi_037,hindi,verb_gender_agreement,SV-G,FEM -> MASC,E5-multi,0.9999004602432251,9.953975677490234e-05,0
mbp_hi_038,hindi,verb_gender_agreement,SP-G,MASC -> FEM,E5-multi,0.9994555711746216,0.000544428825378418,0
mbp_hi_039,hindi,verb_gender_agreement,SV-G,MASC -> FEM,E5-multi,0.9997062087059021,0.0002937912940979004,0
mbp_hi_040,hindi,verb_gender_agreement,SV-G,MASC -> FEM,E5-multi,0.9998907446861267,0.00010925531387329102,0
mbp_hi_041,hindi,verb_gender_agreement,SV-G,MASC -> FEM,E5-multi,0.9997020959854126,0.00029790401458740234,0
mbp_hi_042,hindi,verb_gender_agreement,SV-G,FEM -> MASC,E5-multi,0.9998296499252319,0.0001703500747680664,0
mbp_hi_043,hindi,verb_gender_agreement,SV-G,MASC -> FEM,E5-multi,0.9956554174423218,0.004344582557678223,0
mbp_hi_044,hindi,verb_gender_agreement,SV-G,MASC -> FEM,E5-multi,0.9987505078315735,0.0012494921684265137,0
mbp_hi_045,hindi,verb_gender_agreement,SV-G,MASC -> FEM,E5-multi,0.9996286034584045,0.000371396541595459,0
mbp_hi_046,hindi,verb_gender_agreement,SV-G,MASC -> FEM,E5-multi,0.9994302988052368,0.0005697011947631836,0
mbp_hi_047,hindi,verb_gender_agreement,SP-G,MASC -> FEM,E5-multi,0.9998191595077515,0.00018084049224853516,0
mbp_hi_048,hindi,verb_gender_agreement,SP-G,MASC -> FEM,E5-multi,0.9995432496070862,0.00045675039291381836,0
mbp_hi_049,hindi,verb_gender_agreement,SV-G,FEM -> MASC,E5-multi,0.9997082948684692,0.0002917051315307617,0
mbp_hi_050,hindi,verb_gender_agreement,SV-G,MASC -> FEM,E5-multi,0.9998162984848022,0.0001837015151977539,0
mbp_hi_051,hindi,verb_gender_agreement,SV-G,MASC -> FEM,E5-multi,0.9986100792884827,0.001389920711517334,0
mbp_hi_052,hindi,verb_gender_agreement,SV-G,MASC -> FEM,E5-multi,0.9994779825210571,0.0005220174789428711,0
mbp_hi_053,hindi,verb_gender_agreement,SV-G,MASC -> FEM,E5-multi,0.9999678134918213,3.218650817871094e-05,0
mbp_hi_054,hindi,verb_gender_agreement,SP-G,MASC -> FEM,E5-multi,0.9992439150810242,0.0007560849189758301,0
mbp_hi_055,hindi,verb_gender_agreement,SV-G,MASC -> FEM,E5-multi,0.9990854263305664,0.0009145736694335938,0
mbp_hi_056,hindi,verb_gender_agreement,SV-G,MASC -> FEM,E5-multi,0.9981905221939087,0.0018094778060913086,0
mbp_hi_057,hindi,verb_gender_agreement,SV-G,MASC -> FEM,E5-multi,0.9983013868331909,0.001698613166809082,0
mbp_hi_058,hindi,verb_gender_agreement,SP-G,MASC -> FEM,E5-multi,0.9999434947967529,5.650520324707031e-05,0
mbp_hi_059,hindi,verb_gender_agreement,SV-G,FEM -> MASC,E5-multi,0.9999100565910339,8.994340896606445e-05,0
mbp_hi_060,hindi,verb_gender_agreement,SP-G,MASC -> FEM,E5-multi,0.9995065927505493,0.0004934072494506836,0
mbp_hi_061,hindi,verb_gender_agreement,SP-G,MASC -> FEM,E5-multi,0.9998182058334351,0.0001817941665649414,0
mbp_hi_062,hindi,verb_gender_agreement,SV-G,MASC -> FEM,E5-multi,0.9998654127120972,0.00013458728790283203,0
mbp_hi_063,hindi,verb_gender_agreement,SV-G,FEM -> MASC,E5-multi,0.9991007447242737,0.0008992552757263184,0
mbp_hi_064,hindi,verb_gender_agreement,SP-G,MASC -> FEM,E5-multi,0.9997069239616394,0.0002930760383605957,0
mbp_hi_065,hindi,verb_gender_agreement,SV-G,MASC -> FEM,E5-multi,0.999876856803894,0.00012314319610595703,0
mbp_hi_066,hindi,verb_gender_agreement,SV-G,FEM -> MASC,E5-multi,0.9999457597732544,5.424022674560547e-05,0
mbp_hi_067,hindi,verb_gender_agreement,SV-G,FEM -> MASC,E5-multi,0.9998637437820435,0.00013625621795654297,0
mbp_hi_068,hindi,verb_gender_agreement,SV-G,FEM -> MASC,E5-multi,0.9972733855247498,0.002726614475250244,0
mbp_hi_069,hindi,verb_gender_agreement,SP-G,MASC -> FEM,E5-multi,0.9999333620071411,6.663799285888672e-05,0
mbp_hi_070,hindi,verb_gender_agreement,SV-G,FEM -> MASC,E5-multi,0.9999381303787231,6.186962127685547e-05,0
mbp_hi_071,hindi,verb_gender_agreement,SP-G,MASC -> FEM,E5-multi,0.9998688101768494,0.00013118982315063477,0
mbp_hi_072,hindi,verb_gender_agreement,SV-G,FEM -> MASC,E5-multi,0.9990527033805847,0.0009472966194152832,0
mbp_hi_073,hindi,verb_gender_agreement,SV-G,FEM -> MASC,E5-multi,0.999945342540741,5.46574592590332e-05,0
mbp_hi_074,hindi,verb_gender_agreement,SV-G,FEM -> MASC,E5-multi,0.9977669715881348,0.0022330284118652344,0
mbp_hi_075,hindi,verb_gender_agreement,SV-G,MASC -> FEM,E5-multi,0.9999480247497559,5.1975250244140625e-05,0
mbp_hi_076,hindi,verb_gender_agreement,SV-G,MASC -> FEM,E5-multi,0.9992468357086182,0.0007531642913818359,0
mbp_hi_077,hindi,verb_gender_agreement,SP-G,MASC -> FEM,E5-multi,0.9998546838760376,0.00014531612396240234,0
mbp_hi_078,hindi,verb_gender_agreement,SV-G,FEM -> MASC,E5-multi,0.9999101758003235,8.982419967651367e-05,0
mbp_hi_079,hindi,verb_gender_agreement,SV-G,MASC -> FEM,E5-multi,0.9959498643875122,0.004050135612487793,0
mbp_hi_080,hindi,verb_gender_agreement,SP-G,MASC -> FEM,E5-multi,0.9998806715011597,0.00011932849884033203,0
mbp_hi_081,hindi,verb_gender_agreement,SV-G,FEM -> MASC,E5-multi,0.9999146461486816,8.535385131835938e-05,0
mbp_hi_082,hindi,verb_gender_agreement,SV-G,MASC -> FEM,E5-multi,0.9984804391860962,0.0015195608139038086,0
mbp_hi_083,hindi,verb_gender_agreement,SP-G,MASC -> FEM,E5-multi,0.9997497797012329,0.00025022029876708984,0
mbp_hi_084,hindi,verb_gender_agreement,SP-G,MASC -> FEM,E5-multi,0.9991705417633057,0.0008294582366943359,0
mbp_hi_085,hindi,verb_gender_agreement,SV-G,MASC -> FEM,E5-multi,0.9934529662132263,0.006547033786773682,0
mbp_hi_086,hindi,verb_gender_agreement,SV-G,FEM -> MASC,E5-multi,0.9993522763252258,0.0006477236747741699,0
mbp_hi_087,hindi,verb_gender_agreement,SV-G,MASC -> FEM,E5-multi,0.999508261680603,0.0004917383193969727,0
mbp_hi_088,hindi,verb_gender_agreement,SV-G,FEM -> MASC,E5-multi,0.9992915391921997,0.000708460807800293,0
mbp_hi_089,hindi,verb_gender_agreement,SV-G,MASC -> FEM,E5-multi,0.9995601773262024,0.0004398226737976074,0
mbp_hi_090,hindi,verb_gender_agreement,SV-G,MASC -> FEM,E5-multi,0.9995156526565552,0.0004843473434448242,0
mbp_hi_091,hindi,verb_gender_agreement,SV-G,FEM -> MASC,E5-multi,0.9998276233673096,0.0001723766326904297,0
mbp_hi_092,hindi,verb_gender_agreement,SP-G,MASC -> FEM,E5-multi,0.9999904632568359,9.5367431640625e-06,0
mbp_hi_093,hindi,verb_gender_agreement,SV-G,FEM -> MASC,E5-multi,0.9981991052627563,0.0018008947372436523,0
mbp_hi_094,hindi,verb_gender_agreement,SV-G,FEM -> MASC,E5-multi,0.9997735619544983,0.00022643804550170898,0
mbp_hi_095,hindi,verb_gender_agreement,SV-G,FEM -> MASC,E5-multi,0.9999474287033081,5.257129669189453e-05,0
mbp_hi_096,hindi,verb_gender_agreement,SV-G,MASC -> FEM,E5-multi,0.9999699592590332,3.0040740966796875e-05,0
mbp_hi_097,hindi,verb_gender_agreement,SV-G,MASC -> FEM,E5-multi,0.9994910359382629,0.0005089640617370605,0
mbp_hi_098,hindi,verb_gender_agreement,SP-G,MASC -> FEM,E5-multi,0.999552309513092,0.000447690486907959,0
mbp_hi_099,hindi,verb_gender_agreement,SV-G,MASC -> FEM,E5-multi,0.9997973442077637,0.00020265579223632812,0
mbp_hi_100,hindi,verb_gender_agreement,SV-G,MASC -> FEM,E5-multi,0.9995923042297363,0.0004076957702636719,0
mbp_hi_001,hindi,verb_gender_agreement,SV-G,FEM -> MASC,E5-large,0.9974240660667419,0.0025759339332580566,0
mbp_hi_002,hindi,verb_gender_agreement,SV-G,FEM -> MASC,E5-large,0.9994193315505981,0.0005806684494018555,0
mbp_hi_003,hindi,verb_gender_agreement,SV-G,MASC -> FEM,E5-large,0.9999447464942932,5.525350570678711e-05,0
mbp_hi_004,hindi,verb_gender_agreement,SV-G,FEM -> MASC,E5-large,0.9989522695541382,0.0010477304458618164,0
mbp_hi_005,hindi,verb_gender_agreement,SV-G,MASC -> FEM,E5-large,0.9992486238479614,0.0007513761520385742,0
mbp_hi_006,hindi,verb_gender_agreement,SP-G,MASC -> FEM,E5-large,0.9998800158500671,0.00011998414993286133,0
mbp_hi_007,hindi,verb_gender_agreement,SV-G,MASC -> FEM,E5-large,0.9998884201049805,0.00011157989501953125,0
mbp_hi_008,hindi,verb_gender_agreement,SV-G,FEM -> MASC,E5-large,0.9999043941497803,9.560585021972656e-05,0
mbp_hi_009,hindi,verb_gender_agreement,SV-G,FEM -> MASC,E5-large,0.999934732913971,6.526708602905273e-05,0
mbp_hi_010,hindi,verb_gender_agreement,SV-G,FEM -> MASC,E5-large,0.9999816417694092,1.8358230590820312e-05,0
mbp_hi_011,hindi,verb_gender_agreement,SV-G,MASC -> FEM,E5-large,0.9998659491539001,0.00013405084609985352,0
mbp_hi_012,hindi,verb_gender_agreement,SP-G,MASC -> FEM,E5-large,0.9998790621757507,0.00012093782424926758,0
mbp_hi_013,hindi,verb_gender_agreement,SP-G,MASC -> FEM,E5-large,0.9998217821121216,0.00017821788787841797,0
mbp_hi_014,hindi,verb_gender_agreement,SV-G,MASC -> FEM,E5-large,0.9942610859870911,0.0057389140129089355,0
mbp_hi_015,hindi,verb_gender_agreement,SV-G,MASC -> FEM,E5-large,0.9874555468559265,0.012544453144073486,0
mbp_hi_016,hindi,verb_gender_agreement,SV-G,MASC -> FEM,E5-large,0.9995976686477661,0.0004023313522338867,0
mbp_hi_017,hindi,verb_gender_agreement,SV-G,MASC -> FEM,E5-large,0.998939573764801,0.0010604262351989746,0
mbp_hi_018,hindi,verb_gender_agreement,SV-G,MASC -> FEM,E5-large,0.9999629855155945,3.701448440551758e-05,0
mbp_hi_019,hindi,verb_gender_agreement,SV-G,MASC -> FEM,E5-large,0.9999435544013977,5.644559860229492e-05,0
mbp_hi_020,hindi,verb_gender_agreement,SV-G,FEM -> MASC,E5-large,0.9987417459487915,0.001258254051208496,0
mbp_hi_021,hindi,verb_gender_agreement,SV-G,FEM -> MASC,E5-large,0.998949408531189,0.0010505914688110352,0
mbp_hi_022,hindi,verb_gender_agreement,SV-G,FEM -> MASC,E5-large,0.9999783635139465,2.1636486053466797e-05,0
mbp_hi_023,hindi,verb_gender_agreement,SV-G,FEM -> MASC,E5-large,0.9964054822921753,0.003594517707824707,0
mbp_hi_024,hindi,verb_gender_agreement,SV-G,MASC -> FEM,E5-large,0.9999063014984131,9.369850158691406e-05,0
mbp_hi_025,hindi,verb_gender_agreement,SV-G,MASC -> FEM,E5-large,0.9974983334541321,0.00250166654586792,0
mbp_hi_026,hindi,verb_gender_agreement,SV-G,FEM -> MASC,E5-large,0.9996381998062134,0.0003618001937866211,0
mbp_hi_027,hindi,verb_gender_agreement,SV-G,FEM -> MASC,E5-large,0.9999520778656006,4.792213439941406e-05,0
mbp_hi_028,hindi,verb_gender_agreement,SV-G,MASC -> FEM,E5-large,0.9999890327453613,1.0967254638671875e-05,0
mbp_hi_029,hindi,verb_gender_agreement,SP-G,MASC -> FEM,E5-large,0.9999109506607056,8.90493392944336e-05,0
mbp_hi_030,hindi,verb_gender_agreement,SV-G,MASC -> FEM,E5-large,0.9999881982803345,1.1801719665527344e-05,0
mbp_hi_031,hindi,verb_gender_agreement,SV-G,FEM -> MASC,E5-large,0.9998989701271057,0.00010102987289428711,0
mbp_hi_032,hindi,verb_gender_agreement,SV-G,FEM -> MASC,E5-large,0.9998993873596191,0.00010061264038085938,0
mbp_hi_033,hindi,verb_gender_agreement,SV-G,FEM -> MASC,E5-large,0.999984085559845,1.5914440155029297e-05,0
mbp_hi_034,hindi,verb_gender_agreement,SV-G,MASC -> FEM,E5-large,0.9999699592590332,3.0040740966796875e-05,0
mbp_hi_035,hindi,verb_gender_agreement,SV-G,FEM -> MASC,E5-large,0.9997466802597046,0.00025331974029541016,0
mbp_hi_036,hindi,verb_gender_agreement,SV-G,MASC -> FEM,E5-large,0.9989982843399048,0.0010017156600952148,0
mbp_hi_037,hindi,verb_gender_agreement,SV-G,FEM -> MASC,E5-large,0.9999501705169678,4.982948303222656e-05,0
mbp_hi_038,hindi,verb_gender_agreement,SP-G,MASC -> FEM,E5-large,0.9998659491539001,0.00013405084609985352,0
mbp_hi_039,hindi,verb_gender_agreement,SV-G,MASC -> FEM,E5-large,0.9999562501907349,4.374980926513672e-05,0
mbp_hi_040,hindi,verb_gender_agreement,SV-G,MASC -> FEM,E5-large,0.9999721646308899,2.7835369110107422e-05,0
mbp_hi_041,hindi,verb_gender_agreement,SV-G,MASC -> FEM,E5-large,0.9999761581420898,2.384185791015625e-05,0
mbp_hi_042,hindi,verb_gender_agreement,SV-G,FEM -> MASC,E5-large,0.9999045133590698,9.548664093017578e-05,0
mbp_hi_043,hindi,verb_gender_agreement,SV-G,MASC -> FEM,E5-large,0.9952521920204163,0.00474780797958374,0
mbp_hi_044,hindi,verb_gender_agreement,SV-G,MASC -> FEM,E5-large,0.9994529485702515,0.0005470514297485352,0
mbp_hi_045,hindi,verb_gender_agreement,SV-G,MASC -> FEM,E5-large,0.999921441078186,7.855892181396484e-05,0
mbp_hi_046,hindi,verb_gender_agreement,SV-G,MASC -> FEM,E5-large,0.9997753500938416,0.00022464990615844727,0
mbp_hi_047,hindi,verb_gender_agreement,SP-G,MASC -> FEM,E5-large,0.999922513961792,7.748603820800781e-05,0
mbp_hi_048,hindi,verb_gender_agreement,SP-G,MASC -> FEM,E5-large,0.9997302293777466,0.00026977062225341797,0
mbp_hi_049,hindi,verb_gender_agreement,SV-G,FEM -> MASC,E5-large,0.9997519850730896,0.0002480149269104004,0
mbp_hi_050,hindi,verb_gender_agreement,SV-G,MASC -> FEM,E5-large,0.9997909665107727,0.00020903348922729492,0
mbp_hi_051,hindi,verb_gender_agreement,SV-G,MASC -> FEM,E5-large,0.9997665882110596,0.0002334117889404297,0
mbp_hi_052,hindi,verb_gender_agreement,SV-G,MASC -> FEM,E5-large,0.9997087121009827,0.000291287899017334,0
mbp_hi_053,hindi,verb_gender_agreement,SV-G,MASC -> FEM,E5-large,0.9999786019325256,2.1398067474365234e-05,0
mbp_hi_054,hindi,verb_gender_agreement,SP-G,MASC -> FEM,E5-large,0.9998414516448975,0.00015854835510253906,0
mbp_hi_055,hindi,verb_gender_agreement,SV-G,MASC -> FEM,E5-large,0.9994983673095703,0.0005016326904296875,0
mbp_hi_056,hindi,verb_gender_agreement,SV-G,MASC -> FEM,E5-large,0.9990091919898987,0.0009908080101013184,0
mbp_hi_057,hindi,verb_gender_agreement,SV-G,MASC -> FEM,E5-large,0.998539924621582,0.0014600753784179688,0
mbp_hi_058,hindi,verb_gender_agreement,SP-G,MASC -> FEM,E5-large,0.9999552965164185,4.470348358154297e-05,0
mbp_hi_059,hindi,verb_gender_agreement,SV-G,FEM -> MASC,E5-large,0.9999619126319885,3.808736801147461e-05,0
mbp_hi_060,hindi,verb_gender_agreement,SP-G,MASC -> FEM,E5-large,0.9997018575668335,0.0002981424331665039,0
mbp_hi_061,hindi,verb_gender_agreement,SP-G,MASC -> FEM,E5-large,0.9995402097702026,0.0004597902297973633,0
mbp_hi_062,hindi,verb_gender_agreement,SV-G,MASC -> FEM,E5-large,0.9998619556427002,0.0001380443572998047,0
mbp_hi_063,hindi,verb_gender_agreement,SV-G,FEM -> MASC,E5-large,0.9996782541275024,0.0003217458724975586,0
mbp_hi_064,hindi,verb_gender_agreement,SP-G,MASC -> FEM,E5-large,0.999949038028717,5.0961971282958984e-05,0
mbp_hi_065,hindi,verb_gender_agreement,SV-G,MASC -> FEM,E5-large,0.9999842643737793,1.5735626220703125e-05,0
mbp_hi_066,hindi,verb_gender_agreement,SV-G,FEM -> MASC,E5-large,0.9999881982803345,1.1801719665527344e-05,0
mbp_hi_067,hindi,verb_gender_agreement,SV-G,FEM -> MASC,E5-large,0.9999328851699829,6.711483001708984e-05,0
mbp_hi_068,hindi,verb_gender_agreement,SV-G,FEM -> MASC,E5-large,0.9989699721336365,0.0010300278663635254,0
mbp_hi_069,hindi,verb_gender_agreement,SP-G,MASC -> FEM,E5-large,0.9998295307159424,0.0001704692840576172,0
mbp_hi_070,hindi,verb_gender_agreement,SV-G,FEM -> MASC,E5-large,0.9999752044677734,2.47955322265625e-05,0
mbp_hi_071,hindi,verb_gender_agreement,SP-G,MASC -> FEM,E5-large,0.9999398589134216,6.014108657836914e-05,0
mbp_hi_072,hindi,verb_gender_agreement,SV-G,FEM -> MASC,E5-large,0.9992110729217529,0.0007889270782470703,0
mbp_hi_073,hindi,verb_gender_agreement,SV-G,FEM -> MASC,E5-large,0.9999856948852539,1.430511474609375e-05,0
mbp_hi_074,hindi,verb_gender_agreement,SV-G,FEM -> MASC,E5-large,0.9997899532318115,0.00021004676818847656,0
mbp_hi_075,hindi,verb_gender_agreement,SV-G,MASC -> FEM,E5-large,0.9999883770942688,1.1622905731201172e-05,0
mbp_hi_076,hindi,verb_gender_agreement,SV-G,MASC -> FEM,E5-large,0.9998149871826172,0.0001850128173828125,0
mbp_hi_077,hindi,verb_gender_agreement,SP-G,MASC -> FEM,E5-large,0.9999555945396423,4.4405460357666016e-05,0
mbp_hi_078,hindi,verb_gender_agreement,SV-G,FEM -> MASC,E5-large,0.9999632835388184,3.6716461181640625e-05,0
mbp_hi_079,hindi,verb_gender_agreement,SV-G,MASC -> FEM,E5-large,0.9998213648796082,0.0001786351203918457,0
mbp_hi_080,hindi,verb_gender_agreement,SP-G,MASC -> FEM,E5-large,0.9998304843902588,0.00016951560974121094,0
mbp_hi_081,hindi,verb_gender_agreement,SV-G,FEM -> MASC,E5-large,0.9999756217002869,2.4378299713134766e-05,0
mbp_hi_082,hindi,verb_gender_agreement,SV-G,MASC -> FEM,E5-large,0.9998365044593811,0.00016349554061889648,0
mbp_hi_083,hindi,verb_gender_agreement,SP-G,MASC -> FEM,E5-large,0.9999457597732544,5.424022674560547e-05,0
mbp_hi_084,hindi,verb_gender_agreement,SP-G,MASC -> FEM,E5-large,0.9998741745948792,0.0001258254051208496,0
mbp_hi_085,hindi,verb_gender_agreement,SV-G,MASC -> FEM,E5-large,0.9993583559989929,0.0006416440010070801,0
mbp_hi_086,hindi,verb_gender_agreement,SV-G,FEM -> MASC,E5-large,0.9993741512298584,0.0006258487701416016,0
mbp_hi_087,hindi,verb_gender_agreement,SV-G,MASC -> FEM,E5-large,0.9998230934143066,0.00017690658569335938,0
mbp_hi_088,hindi,verb_gender_agreement,SV-G,FEM -> MASC,E5-large,0.9998351335525513,0.00016486644744873047,0
mbp_hi_089,hindi,verb_gender_agreement,SV-G,MASC -> FEM,E5-large,0.9995715618133545,0.0004284381866455078,0
mbp_hi_090,hindi,verb_gender_agreement,SV-G,MASC -> FEM,E5-large,0.999898374080658,0.00010162591934204102,0
mbp_hi_091,hindi,verb_gender_agreement,SV-G,FEM -> MASC,E5-large,0.999926745891571,7.325410842895508e-05,0
mbp_hi_092,hindi,verb_gender_agreement,SP-G,MASC -> FEM,E5-large,0.9999959468841553,4.0531158447265625e-06,0
mbp_hi_093,hindi,verb_gender_agreement,SV-G,FEM -> MASC,E5-large,0.9998705387115479,0.00012946128845214844,0
mbp_hi_094,hindi,verb_gender_agreement,SV-G,FEM -> MASC,E5-large,0.9996698498725891,0.00033015012741088867,0
mbp_hi_095,hindi,verb_gender_agreement,SV-G,FEM -> MASC,E5-large,0.9999897480010986,1.0251998901367188e-05,0
mbp_hi_096,hindi,verb_gender_agreement,SV-G,MASC -> FEM,E5-large,0.9999847412109375,1.52587890625e-05,0
mbp_hi_097,hindi,verb_gender_agreement,SV-G,MASC -> FEM,E5-large,0.9998788833618164,0.00012111663818359375,0
mbp_hi_098,hindi,verb_gender_agreement,SP-G,MASC -> FEM,E5-large,0.9996989965438843,0.00030100345611572266,0
mbp_hi_099,hindi,verb_gender_agreement,SV-G,MASC -> FEM,E5-large,0.9999023079872131,9.769201278686523e-05,0
mbp_hi_100,hindi,verb_gender_agreement,SV-G,MASC -> FEM,E5-large,0.9996476769447327,0.000352323055267334,0
mbp_hi_001,hindi,verb_gender_agreement,SV-G,FEM -> MASC,bge-m3,0.9994565844535828,0.0005434155464172363,0
mbp_hi_002,hindi,verb_gender_agreement,SV-G,FEM -> MASC,bge-m3,0.9966433048248291,0.0033566951751708984,0
mbp_hi_003,hindi,verb_gender_agreement,SV-G,MASC -> FEM,bge-m3,0.999797523021698,0.00020247697830200195,0
mbp_hi_004,hindi,verb_gender_agreement,SV-G,FEM -> MASC,bge-m3,0.9965449571609497,0.003455042839050293,0
mbp_hi_005,hindi,verb_gender_agreement,SV-G,MASC -> FEM,bge-m3,0.9945145845413208,0.005485415458679199,0
mbp_hi_006,hindi,verb_gender_agreement,SP-G,MASC -> FEM,bge-m3,0.9994059801101685,0.000594019889831543,0
mbp_hi_007,hindi,verb_gender_agreement,SV-G,MASC -> FEM,bge-m3,0.9984951019287109,0.0015048980712890625,0
mbp_hi_008,hindi,verb_gender_agreement,SV-G,FEM -> MASC,bge-m3,0.9996418356895447,0.00035816431045532227,0
mbp_hi_009,hindi,verb_gender_agreement,SV-G,FEM -> MASC,bge-m3,0.9995871782302856,0.00041282176971435547,0
mbp_hi_010,hindi,verb_gender_agreement,SV-G,FEM -> MASC,bge-m3,0.9998174905776978,0.0001825094223022461,0
mbp_hi_011,hindi,verb_gender_agreement,SV-G,MASC -> FEM,bge-m3,0.9997038841247559,0.0002961158752441406,0
mbp_hi_012,hindi,verb_gender_agreement,SP-G,MASC -> FEM,bge-m3,0.9984207153320312,0.00157928466796875,0
mbp_hi_013,hindi,verb_gender_agreement,SP-G,MASC -> FEM,bge-m3,0.9986745715141296,0.0013254284858703613,0
mbp_hi_014,hindi,verb_gender_agreement,SV-G,MASC -> FEM,bge-m3,0.9741125106811523,0.025887489318847656,0
mbp_hi_015,hindi,verb_gender_agreement,SV-G,MASC -> FEM,bge-m3,0.9429669380187988,0.05703306198120117,0
mbp_hi_016,hindi,verb_gender_agreement,SV-G,MASC -> FEM,bge-m3,0.998857855796814,0.0011421442031860352,0
mbp_hi_017,hindi,verb_gender_agreement,SV-G,MASC -> FEM,bge-m3,0.9974404573440552,0.0025595426559448242,0
mbp_hi_018,hindi,verb_gender_agreement,SV-G,MASC -> FEM,bge-m3,0.9994925260543823,0.0005074739456176758,0
mbp_hi_019,hindi,verb_gender_agreement,SV-G,MASC -> FEM,bge-m3,0.9998283386230469,0.000171661376953125,0
mbp_hi_020,hindi,verb_gender_agreement,SV-G,FEM -> MASC,bge-m3,0.997402012348175,0.002597987651824951,0
mbp_hi_021,hindi,verb_gender_agreement,SV-G,FEM -> MASC,bge-m3,0.9982329607009888,0.0017670392990112305,0
mbp_hi_022,hindi,verb_gender_agreement,SV-G,FEM -> MASC,bge-m3,0.9996213316917419,0.00037866830825805664,0
mbp_hi_023,hindi,verb_gender_agreement,SV-G,FEM -> MASC,bge-m3,0.9879816770553589,0.012018322944641113,0
mbp_hi_024,hindi,verb_gender_agreement,SV-G,MASC -> FEM,bge-m3,0.9995959401130676,0.00040405988693237305,0
mbp_hi_025,hindi,verb_gender_agreement,SV-G,MASC -> FEM,bge-m3,0.9942320585250854,0.005767941474914551,0
mbp_hi_026,hindi,verb_gender_agreement,SV-G,FEM -> MASC,bge-m3,0.999583899974823,0.00041610002517700195,0
mbp_hi_027,hindi,verb_gender_agreement,SV-G,FEM -> MASC,bge-m3,0.9986243844032288,0.0013756155967712402,0
mbp_hi_028,hindi,verb_gender_agreement,SV-G,MASC -> FEM,bge-m3,0.9998968243598938,0.00010317564010620117,0
mbp_hi_029,hindi,verb_gender_agreement,SP-G,MASC -> FEM,bge-m3,0.9997565746307373,0.0002434253692626953,0
mbp_hi_030,hindi,verb_gender_agreement,SV-G,MASC -> FEM,bge-m3,0.9999391436576843,6.085634231567383e-05,0
mbp_hi_031,hindi,verb_gender_agreement,SV-G,FEM -> MASC,bge-m3,0.9990605711936951,0.0009394288063049316,0
mbp_hi_032,hindi,verb_gender_agreement,SV-G,FEM -> MASC,bge-m3,0.9986261129379272,0.001373887062072754,0
mbp_hi_033,hindi,verb_gender_agreement,SV-G,FEM -> MASC,bge-m3,0.999803900718689,0.00019609928131103516,0
mbp_hi_034,hindi,verb_gender_agreement,SV-G,MASC -> FEM,bge-m3,0.9996985197067261,0.0003014802932739258,0
mbp_hi_035,hindi,verb_gender_agreement,SV-G,FEM -> MASC,bge-m3,0.998035192489624,0.0019648075103759766,0
mbp_hi_036,hindi,verb_gender_agreement,SV-G,MASC -> FEM,bge-m3,0.9955338835716248,0.004466116428375244,0
mbp_hi_037,hindi,verb_gender_agreement,SV-G,FEM -> MASC,bge-m3,0.9998765587806702,0.00012344121932983398,0
mbp_hi_038,hindi,verb_gender_agreement,SP-G,MASC -> FEM,bge-m3,0.9997038841247559,0.0002961158752441406,0
mbp_hi_039,hindi,verb_gender_agreement,SV-G,MASC -> FEM,bge-m3,0.9995326995849609,0.0004673004150390625,0
mbp_hi_040,hindi,verb_gender_agreement,SV-G,MASC -> FEM,bge-m3,0.9996781945228577,0.000321805477142334,0
mbp_hi_041,hindi,verb_gender_agreement,SV-G,MASC -> FEM,bge-m3,0.9998565316200256,0.00014346837997436523,0
mbp_hi_042,hindi,verb_gender_agreement,SV-G,FEM -> MASC,bge-m3,0.9979348182678223,0.0020651817321777344,0
mbp_hi_043,hindi,verb_gender_agreement,SV-G,MASC -> FEM,bge-m3,0.9790022969245911,0.020997703075408936,0
mbp_hi_044,hindi,verb_gender_agreement,SV-G,MASC -> FEM,bge-m3,0.9972081780433655,0.0027918219566345215,0
mbp_hi_045,hindi,verb_gender_agreement,SV-G,MASC -> FEM,bge-m3,0.9994925260543823,0.0005074739456176758,0
mbp_hi_046,hindi,verb_gender_agreement,SV-G,MASC -> FEM,bge-m3,0.9982878565788269,0.0017121434211730957,0
mbp_hi_047,hindi,verb_gender_agreement,SP-G,MASC -> FEM,bge-m3,0.9998667240142822,0.00013327598571777344,0
mbp_hi_048,hindi,verb_gender_agreement,SP-G,MASC -> FEM,bge-m3,0.9990372657775879,0.0009627342224121094,0
mbp_hi_049,hindi,verb_gender_agreement,SV-G,FEM -> MASC,bge-m3,0.9993026256561279,0.0006973743438720703,0
mbp_hi_050,hindi,verb_gender_agreement,SV-G,MASC -> FEM,bge-m3,0.9995792508125305,0.0004207491874694824,0
mbp_hi_051,hindi,verb_gender_agreement,SV-G,MASC -> FEM,bge-m3,0.9986088275909424,0.0013911724090576172,0
mbp_hi_052,hindi,verb_gender_agreement,SV-G,MASC -> FEM,bge-m3,0.9984221458435059,0.0015778541564941406,0
mbp_hi_053,hindi,verb_gender_agreement,SV-G,MASC -> FEM,bge-m3,0.9999258518218994,7.414817810058594e-05,0
mbp_hi_054,hindi,verb_gender_agreement,SP-G,MASC -> FEM,bge-m3,0.9994209408760071,0.0005790591239929199,0
mbp_hi_055,hindi,verb_gender_agreement,SV-G,MASC -> FEM,bge-m3,0.9946316480636597,0.005368351936340332,0
mbp_hi_056,hindi,verb_gender_agreement,SV-G,MASC -> FEM,bge-m3,0.994877815246582,0.005122184753417969,0
mbp_hi_057,hindi,verb_gender_agreement,SV-G,MASC -> FEM,bge-m3,0.99749356508255,0.002506434917449951,0
mbp_hi_058,hindi,verb_gender_agreement,SP-G,MASC -> FEM,bge-m3,0.9995778799057007,0.0004221200942993164,0
mbp_hi_059,hindi,verb_gender_agreement,SV-G,FEM -> MASC,bge-m3,0.9998536705970764,0.00014632940292358398,0
mbp_hi_060,hindi,verb_gender_agreement,SP-G,MASC -> FEM,bge-m3,0.9985368251800537,0.001463174819946289,0
mbp_hi_061,hindi,verb_gender_agreement,SP-G,MASC -> FEM,bge-m3,0.999140739440918,0.0008592605590820312,0
mbp_hi_062,hindi,verb_gender_agreement,SV-G,MASC -> FEM,bge-m3,0.9990769028663635,0.0009230971336364746,0
mbp_hi_063,hindi,verb_gender_agreement,SV-G,FEM -> MASC,bge-m3,0.9958347082138062,0.004165291786193848,0
mbp_hi_064,hindi,verb_gender_agreement,SP-G,MASC -> FEM,bge-m3,0.9997215270996094,0.000278472900390625,0
mbp_hi_065,hindi,verb_gender_agreement,SV-G,MASC -> FEM,bge-m3,0.9996792674064636,0.00032073259353637695,0
mbp_hi_066,hindi,verb_gender_agreement,SV-G,FEM -> MASC,bge-m3,0.9999167919158936,8.320808410644531e-05,0
mbp_hi_067,hindi,verb_gender_agreement,SV-G,FEM -> MASC,bge-m3,0.999197244644165,0.0008027553558349609,0
mbp_hi_068,hindi,verb_gender_agreement,SV-G,FEM -> MASC,bge-m3,0.9951139092445374,0.0048860907554626465,0
mbp_hi_069,hindi,verb_gender_agreement,SP-G,MASC -> FEM,bge-m3,0.9996488094329834,0.00035119056701660156,0
mbp_hi_070,hindi,verb_gender_agreement,SV-G,FEM -> MASC,bge-m3,0.9998878240585327,0.00011217594146728516,0
mbp_hi_071,hindi,verb_gender_agreement,SP-G,MASC -> FEM,bge-m3,0.9995094537734985,0.0004905462265014648,0
mbp_hi_072,hindi,verb_gender_agreement,SV-G,FEM -> MASC,bge-m3,0.997366189956665,0.002633810043334961,0
mbp_hi_073,hindi,verb_gender_agreement,SV-G,FEM -> MASC,bge-m3,0.9999377131462097,6.22868537902832e-05,0
mbp_hi_074,hindi,verb_gender_agreement,SV-G,FEM -> MASC,bge-m3,0.9994376301765442,0.0005623698234558105,0
mbp_hi_075,hindi,verb_gender_agreement,SV-G,MASC -> FEM,bge-m3,0.9998665452003479,0.0001334547996520996,0
mbp_hi_076,hindi,verb_gender_agreement,SV-G,MASC -> FEM,bge-m3,0.9986241459846497,0.0013758540153503418,0
mbp_hi_077,hindi,verb_gender_agreement,SP-G,MASC -> FEM,bge-m3,0.999596357345581,0.0004036426544189453,0
mbp_hi_078,hindi,verb_gender_agreement,SV-G,FEM -> MASC,bge-m3,0.9995625615119934,0.0004374384880065918,0
mbp_hi_079,hindi,verb_gender_agreement,SV-G,MASC -> FEM,bge-m3,0.9975519180297852,0.0024480819702148438,0
mbp_hi_080,hindi,verb_gender_agreement,SP-G,MASC -> FEM,bge-m3,0.9990251064300537,0.0009748935699462891,0
mbp_hi_081,hindi,verb_gender_agreement,SV-G,FEM -> MASC,bge-m3,0.9998846054077148,0.00011539459228515625,0
mbp_hi_082,hindi,verb_gender_agreement,SV-G,MASC -> FEM,bge-m3,0.9997098445892334,0.00029015541076660156,0
mbp_hi_083,hindi,verb_gender_agreement,SP-G,MASC -> FEM,bge-m3,0.9995049238204956,0.0004950761795043945,0
mbp_hi_084,hindi,verb_gender_agreement,SP-G,MASC -> FEM,bge-m3,0.9993913173675537,0.0006086826324462891,0
mbp_hi_085,hindi,verb_gender_agreement,SV-G,MASC -> FEM,bge-m3,0.9982801675796509,0.001719832420349121,0
mbp_hi_086,hindi,verb_gender_agreement,SV-G,FEM -> MASC,bge-m3,0.998564600944519,0.001435399055480957,0
mbp_hi_087,hindi,verb_gender_agreement,SV-G,MASC -> FEM,bge-m3,0.998252809047699,0.0017471909523010254,0
mbp_hi_088,hindi,verb_gender_agreement,SV-G,FEM -> MASC,bge-m3,0.9991945624351501,0.0008054375648498535,0
mbp_hi_089,hindi,verb_gender_agreement,SV-G,MASC -> FEM,bge-m3,0.9984447956085205,0.0015552043914794922,0
mbp_hi_090,hindi,verb_gender_agreement,SV-G,MASC -> FEM,bge-m3,0.9993332624435425,0.0006667375564575195,0
mbp_hi_091,hindi,verb_gender_agreement,SV-G,FEM -> MASC,bge-m3,0.9997082948684692,0.0002917051315307617,0
mbp_hi_092,hindi,verb_gender_agreement,SP-G,MASC -> FEM,bge-m3,0.9999266266822815,7.337331771850586e-05,0
mbp_hi_093,hindi,verb_gender_agreement,SV-G,FEM -> MASC,bge-m3,0.9979349374771118,0.0020650625228881836,0
mbp_hi_094,hindi,verb_gender_agreement,SV-G,FEM -> MASC,bge-m3,0.993707537651062,0.006292462348937988,0
mbp_hi_095,hindi,verb_gender_agreement,SV-G,FEM -> MASC,bge-m3,0.999835193157196,0.00016480684280395508,0
mbp_hi_096,hindi,verb_gender_agreement,SV-G,MASC -> FEM,bge-m3,0.999925971031189,7.402896881103516e-05,0
mbp_hi_097,hindi,verb_gender_agreement,SV-G,MASC -> FEM,bge-m3,0.9994490146636963,0.0005509853363037109,0
mbp_hi_098,hindi,verb_gender_agreement,SP-G,MASC -> FEM,bge-m3,0.9995090961456299,0.0004909038543701172,0
mbp_hi_099,hindi,verb_gender_agreement,SV-G,MASC -> FEM,bge-m3,0.999491274356842,0.000508725643157959,0
mbp_hi_100,hindi,verb_gender_agreement,SV-G,MASC -> FEM,bge-m3,0.997974157333374,0.0020258426666259766,0
